mouse,probe_position,unitID,VL_pre,VL_stimOn,VL_post,angle_pre_ch15,angle_stimOn_ch15,angle_post_ch15,Nspikes_pre,Nspikes_StimOn,Nspikes_post,Fspikes_pre,Fspikes_StimOn,Fspikes_post,distance_peakch_stim_tip,error_waveform,universal_ID,waveform_halfwidth,waveform_duration,waveform_REP,cluster
mouse655957,far,483,0.020260813250976003,0.0075898473368945,0.0495626680894653,4.966828346421952,3.2473085695615755,4.016357420941301,1357.0,1284.0,1306.0,13.57,12.84,13.06,2.086564161486533,0.0121718926945832,mouse655957far483,0.2686768676867687,0.6248424842484249,0.4274527452745275,1
mouse655957,far,485,0.1040621094824769,0.0640003591643078,0.0545678815413821,5.772654990432817,5.676331267641099,5.195558841368307,157.0,125.0,320.0,1.57,1.25,3.2,2.092396950867593,0.0349797838088132,mouse655957far485,0.1863186318631863,0.8875787578757877,0.4063906390639066,0
mouse655957,far,491,0.0357054877836904,0.0152493273350322,0.0183774817486696,5.664505828723433,0.8709743275754562,4.6229989356582895,912.0,804.0,763.0,9.120000000000001,8.040000000000001,7.63,2.0985113771433315,0.0428642559492852,mouse655957far491,0.2540954095409541,0.7660666066606662,0.501170117011701,1
mouse655957,far,497,0.0263339196833339,0.0135215052187875,0.025687935572994997,6.139145625152511,0.2739109426049844,0.5321805694676383,953.0,1052.0,908.0,9.53,10.52,9.08,2.111575241377868,0.012599294901496,mouse655957far497,0.1417641764176418,0.3348334833483348,0.3297029702970298,2
mouse655957,far,498,0.0154248354840678,0.044141782531742994,0.0280324048890657,5.4693057052238405,3.1193664471528524,5.956552448838289,750.0,644.0,749.0,7.5,6.44,7.49,2.111575241377868,0.0239652557267127,mouse655957far498,0.1541854185418542,0.4776777677767776,0.3432043204320434,2
mouse655957,far,499,0.0326611952788595,0.0270125902814046,0.0406543172894515,2.3524211940188247,5.193696886290825,4.977765601547944,321.0,302.0,467.0,3.21,3.02,4.67,2.111575241377868,0.0202541877809874,mouse655957far499,0.16201620162016198,0.8492349234923495,0.3845184518451844,0
mouse655957,far,503,0.0515029033983235,0.049217971123245004,0.0272253487679032,5.07396728576878,0.8910349124219381,4.274599219326802,947.0,626.0,814.0,9.47,6.26,8.14,2.1257351669481315,0.0245266940885591,mouse655957far503,0.245994599459946,0.2991899189918992,0.231143114311431,2
mouse655957,far,506,0.032888592882388,0.0404892352855889,0.0812681183661508,5.478810775968556,4.996071394180094,4.445317908180768,859.0,836.0,690.0,8.59,8.36,6.9,2.1257351669481315,0.0338790540661714,mouse655957far506,0.1574257425742574,0.7563456345634566,0.3391539153915389,0
mouse655957,far,507,0.0552745576284805,0.0697967410695171,0.0934208291742436,4.616744837437969,2.057977099597979,5.315407220549481,301.0,382.0,185.0,3.0100000000000002,3.8200000000000003,1.85,2.1257351669481315,0.0276785394411487,mouse655957far507,0.1706570657065707,0.7717371737173718,0.4406840684068406,0
mouse655957,far,508,0.1301863510582824,0.0938088415167452,0.1433249800661457,4.749689827500877,5.883373236341424,5.308325296191429,88.0,101.0,138.0,0.88,1.01,1.3800000000000001,2.1332193979991843,0.0180097972428492,mouse655957far508,0.1312331233123311,0.7771377137713773,0.3267326732673267,0
mouse655957,far,521,0.0696384467796463,0.0725282033854367,0.1365761565005674,5.8897400722149955,0.5396468616448578,5.123555944017756,416.0,484.0,462.0,4.16,4.84,4.62,2.1624638725305907,0.0118932659552324,mouse655957far521,0.1730873087308732,0.8854185418541856,0.4074707470747077,0
mouse655957,far,522,0.0220562646327308,0.0200334656911542,0.03905725189653799,5.335640602530349,6.017345897770503,4.752873912031707,1993.0,2228.0,1448.0,19.93,22.28,14.48,2.1624638725305907,0.0200591141651359,mouse655957far522,0.1830783078307831,0.3135013501350135,0.2670567056705671,2
mouse655957,far,524,0.0263716899480737,0.0115079762459741,0.0499119817890864,5.0114533275017665,5.1535996725827244,4.7249099332431035,956.0,798.0,1007.0,9.56,7.98,10.07,2.1706853756359994,0.0387017370359078,mouse655957far524,0.1296129612961296,0.3067506750675067,0.2538253825382538,2
mouse655957,far,708,0.0923157342122405,0.1186927831399386,0.1740214188960073,5.745507514555613,3.9117350673337854,5.204461798592347,151.0,104.0,68.0,1.51,1.04,0.68,2.1791626832340905,0.0240976850601671,mouse655957far708,0.1509450945094509,0.735823582358236,0.3731773177317731,0
mouse655957,far,527,0.0772221546403649,0.0243130343230872,0.0942514564307527,5.049827367540333,5.155747389518013,4.94865513620246,1052.0,767.0,1142.0,10.52,7.67,11.42,2.1791626832340905,0.0099487212516174,mouse655957far527,0.1423042304230423,0.24194419441944195,0.2054905490549053,2
mouse655957,far,533,0.1541223412028903,0.12944662125744802,0.3861320282633972,5.0648033463142665,5.445946482310648,4.7522875260658175,112.0,84.0,122.0,1.12,0.84,1.22,2.1968727773815213,0.0192417988559567,mouse655957far533,0.1603960396039604,0.8046804680468048,0.3337533753375338,0
mouse655957,far,538,0.0797854969410881,0.0434810561570778,0.0906427403764899,4.888331149651865,3.1695110591097566,5.196190482475498,519.0,632.0,619.0,5.19,6.32,6.19,2.1778716674772185,0.0237792352497446,mouse655957far538,0.16606660666066597,0.5346534653465347,0.5684068406840687,1
mouse655957,far,541,0.0964771092005479,0.0285086395580805,0.0797478621852113,5.989253605050255,4.546197912651856,5.212300839167557,411.0,264.0,450.0,4.11,2.64,4.5,2.219938062199034,0.0273225259488816,mouse655957far541,0.1539153915391539,0.7738973897389742,0.4336633663366335,0
mouse655957,far,698,0.1126884810889639,0.0366579543282751,0.0618173578559719,3.0941123610240897,4.096724165136035,4.717121733997748,144.0,122.0,90.0,1.44,1.22,0.9,2.0673050089428027,0.0298382987986921,mouse655957far698,0.1825382538253824,0.7522952295229524,0.4933393339333934,0
mouse655957,far,487,0.0492338686878354,0.0884755957825853,0.0752829828483049,1.9475465764703328,0.5931608111593605,5.369899429462878,138.0,81.0,150.0,1.3800000000000001,0.81,1.5,2.092396950867593,0.0248585722140066,mouse655957far487,0.1803780378037803,0.8786678667866789,0.4150315031503152,0
mouse655957,far,701,0.1381564637571496,0.103000918727252,0.1513566138601809,3.761181693073994,1.4221777486946745,2.4391855088501533,88.0,85.0,71.0,0.88,0.85,0.71,2.1185195302380393,0.0473451612943943,mouse655957far701,0.1884788478847885,0.724752475247525,0.3264626462646266,0
mouse655957,far,532,0.1053246667356295,0.2257695796648539,0.2418240292287173,5.343069317365337,5.857221608457848,4.899687643401807,68.0,74.0,78.0,0.68,0.74,0.78,2.1791626832340905,0.0479173257338123,mouse655957far532,0.2516651665166517,0.7412241224122413,0.568946894689469,1
mouse655957,far,795,0.1531080493760621,0.18620575538511802,0.2078554853981925,4.9577831659530975,5.1128790357920195,5.375077298656311,70.0,66.0,84.0,0.7000000000000001,0.66,0.84,2.1968727773815213,0.0395615738807177,mouse655957far795,0.1630963096309631,0.8767776777677769,0.2913591359135915,0
mouse655957,far,702,0.1477526808681365,0.2909648803553759,0.2367727485970666,1.35783486441298,0.3558042978010097,6.037128397993971,67.0,53.0,29.0,0.67,0.53,0.29,2.1257351669481315,0.0412973493953449,mouse655957far702,0.16201620162016198,0.7817281728172819,0.3383438343834385,0
mouse657904,close,478,0.2843816994786899,0.1425197157075153,0.2847288632976396,2.5100459272837035,0.5098478926798783,2.5310667794999366,80.0,243.0,74.0,0.8,2.43,0.74,0.5006246098625197,0.0694202083116077,mouse657904close478,0.1765976597659766,0.2643564356435645,0.2141314131413141,2
mouse657904,close,479,0.0207073971598185,0.1298246911558626,0.0467480609595518,4.0311176329005285,1.1682571738857417,1.6665939962714953,575.0,522.0,514.0,5.75,5.22,5.14,0.5320949163448191,0.0534954934538062,mouse657904close479,0.2198019801980197,0.6288928892889291,0.3739873987398739,1
mouse657904,close,485,0.1693686137556935,0.5426261694992603,0.0397031533839642,0.6566363981531048,1.1148229947698272,3.893453200742394,75.0,270.0,33.0,0.75,2.7,0.33,0.5178078794301996,0.07748666983433501,mouse657904close485,0.20198019801980202,0.6064806480648066,0.3575157515751573,0
mouse657904,close,512,0.0651342801916762,0.2605141096058272,0.0825079989031467,0.0193565076808394,2.309745981174344,4.556665655928231,89.0,109.0,95.0,0.89,1.09,0.9500000000000001,0.5024937810560445,0.0819552700436432,mouse657904close512,0.1504050405040503,0.7288028802880289,0.2972997299729975,0
mouse657904,close,481,0.0566744645620339,0.3875802223808501,0.0478768845365695,3.1829905414850272,0.7994346872721073,5.470536316798222,500.0,573.0,232.0,5.0,5.73,2.32,0.5320949163448191,0.0860181830134177,mouse657904close481,0.2108910891089108,0.5535553555355536,0.33591359135913595,0
mouse657904,close,500,0.16090756828626002,0.3660307963806015,0.1137065481718203,4.1357436966896275,2.039037778301282,0.5236166377627174,104.0,351.0,71.0,1.04,3.5100000000000002,0.71,0.5055937104039171,0.0869923316317304,mouse657904close500,0.2662466246624662,0.6199819981998199,0.395049504950495,1
