,FRP,MOs,ACAd,ACAv,PL,ILA,ORBl,ORBm,ORBvl,AId,AIv,AIp,GU,VISC,SSs,SSp-bfd,SSp-tr,SSp-ll,SSp-ul,SSp-un,SSp-n,SSp-m,MOp,VISal,VISl,VISp,VISpl,VISli,VISpor,VISrl,VISa,VISam,VISpm,RSPagl,RSPd,RSPv,AUDd,AUDp,AUDpo,AUDv,TEa,PERI,ECT
FRP,0.00382422,0.001099189,0.00013578,6.60E-05,0.000391071,0.000166043,0.001097936,0.000272371,0.00049468,0.001068958,0.000303622,9.94E-05,0.000188276,0.000252839,0.000107709,2.17E-05,1.46E-05,1.05E-05,5.67E-05,4.12E-05,8.34E-05,0.000135629,0.000395466,1.38E-05,8.36E-06,7.68E-06,5.48E-06,1.68E-05,8.87E-06,1.72E-05,2.07E-05,3.94E-05,2.50E-05,3.26E-05,1.46E-05,2.99E-06,1.10E-05,4.80E-06,9.81E-06,5.98E-06,3.19E-05,0.000100804,7.59E-05
MOs,0.000970672,0.000865116,0.000798959,0.000336691,0.00027215,6.57E-05,0.000390079,0.000134543,0.000272759,0.000329655,8.51E-05,3.07E-05,0.000103793,0.000151464,0.000176738,0.000136777,0.000185969,0.000208593,0.00022489,0.000191688,0.00017565,0.000248331,0.000539763,0.000135529,6.41E-05,4.60E-05,3.65E-05,6.54E-05,5.47E-05,0.000248419,0.000213426,0.000260889,8.43E-05,0.000127876,0.000154922,0.000100494,8.17E-05,1.62E-05,3.98E-05,2.58E-05,5.01E-05,4.44E-05,4.74E-05
ACAd,0.000180801,0.000585857,0.002769108,0.001859632,0.000771215,0.000243072,0.000290338,0.000622596,0.000649646,4.76E-05,8.96E-05,8.58E-06,2.45E-05,2.50E-05,6.24E-05,0.000147289,0.000283047,0.000203329,9.83E-05,0.000105088,1.52E-05,7.36E-06,0.000152694,0.000266861,0.000160176,0.000129486,0.000107162,0.000155259,0.000129414,0.00044023,0.000433192,0.001057019,0.000367087,0.000589964,0.000683772,0.000382564,9.64E-05,2.02E-05,7.44E-05,2.79E-05,7.50E-05,4.10E-05,4.77E-05
ACAv,5.20E-05,0.000283796,0.003009729,0.002735653,0.000931816,0.000801166,0.000127014,0.000894505,0.000676112,1.97E-05,6.16E-05,9.51E-06,1.43E-05,1.02E-05,1.12E-05,3.58E-05,0.000145208,5.75E-05,1.09E-05,1.20E-05,1.69E-06,1.31E-06,3.48E-05,0.000166088,0.000125265,9.76E-05,8.09E-05,0.000104697,9.37E-05,0.000241738,0.000311657,0.001198404,0.000447036,0.000738297,0.000771484,0.000388152,3.10E-05,8.53E-06,4.94E-05,1.03E-05,4.34E-05,2.45E-05,3.22E-05
PL,0.000572322,0.000376498,0.000807448,0.000570092,0.001556238,0.001713571,0.00039294,0.001338588,0.000803978,0.000223427,0.000392806,5.98E-05,5.10E-05,3.45E-05,3.35E-05,4.56E-05,8.94E-05,7.30E-05,6.60E-05,6.18E-05,1.30E-05,1.25E-05,0.000118861,4.74E-05,2.67E-05,2.38E-05,1.92E-05,4.36E-05,2.90E-05,5.86E-05,0.000107643,0.000204837,9.60E-05,0.000172658,7.13E-05,2.35E-05,3.74E-05,1.02E-05,2.77E-05,1.63E-05,5.11E-05,2.54E-05,5.82E-05
ILA,0.000171405,0.000138205,0.000757036,0.001353494,0.001598517,0.003442059,0.000448652,0.001196719,0.001509333,8.88E-05,0.000279445,5.35E-05,3.01E-05,1.73E-05,2.05E-05,3.69E-05,7.75E-05,2.91E-05,1.70E-05,2.02E-05,5.66E-06,3.43E-06,2.48E-05,0.000113611,8.30E-05,7.15E-05,5.64E-05,0.000132617,7.02E-05,9.85E-05,0.000178705,0.000468487,0.00025588,0.000344463,0.000108252,4.38E-05,5.83E-05,2.14E-05,6.90E-05,2.34E-05,8.14E-05,1.61E-05,6.92E-05
ORBl,0.001625336,0.000469832,0.000295966,0.000101571,0.000398678,0.000135558,0.001917442,0.000364912,0.002102247,0.000683511,0.00069439,0.000124574,0.000120342,0.000122314,5.61E-05,6.50E-05,7.98E-05,3.65E-05,4.85E-05,5.37E-05,5.84E-05,5.58E-05,0.000132833,0.000133023,9.23E-05,7.93E-05,5.88E-05,0.000176969,6.45E-05,0.000115778,0.000151683,0.000323248,0.000258951,0.000185438,6.98E-05,9.65E-06,6.78E-05,2.58E-05,8.07E-05,2.41E-05,9.94E-05,0.000108867,0.000101208
ORBm,0.000307873,0.000148417,0.000617009,0.000541313,0.001502888,0.001529458,0.000642023,0.002164781,0.002234011,0.000221454,0.000831738,9.88E-05,4.91E-05,3.02E-05,2.30E-05,4.21E-05,9.64E-05,3.70E-05,2.20E-05,2.51E-05,8.04E-06,5.57E-06,3.25E-05,0.000159563,0.000113765,9.80E-05,7.93E-05,0.00021502,8.59E-05,0.000119351,0.000196449,0.000532025,0.000386342,0.00041261,0.00016338,2.26E-05,7.84E-05,3.16E-05,9.96E-05,3.36E-05,0.000119997,5.54E-05,9.70E-05
ORBvl,0.001091506,0.000380281,0.000545899,0.000294233,0.000845663,0.000573775,0.001477142,0.001020115,0.003379666,0.000329966,0.000557426,8.19E-05,7.23E-05,6.66E-05,5.31E-05,8.35E-05,0.000152814,6.01E-05,5.04E-05,5.68E-05,3.99E-05,2.98E-05,9.86E-05,0.000279281,0.000200356,0.000171878,0.000131128,0.00038188,0.000136711,0.00021139,0.000309141,0.000737723,0.000591465,0.000459916,0.000175546,2.20E-05,0.000134612,5.36E-05,0.0001717,4.87E-05,0.000169806,6.11E-05,8.42E-05
AId,0.00061729,0.000277388,5.87E-05,1.24E-05,0.000185149,4.80E-05,0.000578678,0.000127701,0.000284235,0.001381954,0.00059788,0.00037401,0.000881729,0.000440304,0.000127183,6.30E-06,4.77E-06,6.16E-06,1.85E-05,1.04E-05,2.04E-05,0.000163984,0.000264527,4.61E-06,3.38E-06,2.73E-06,2.43E-06,4.19E-06,4.77E-06,4.72E-06,5.79E-06,6.85E-06,4.88E-06,6.61E-06,3.89E-06,1.61E-06,3.81E-06,1.38E-06,2.73E-06,4.61E-06,3.45E-05,0.000135226,0.000150511
AIv,0.000484561,0.00022247,5.29E-05,1.09E-05,0.000202083,5.52E-05,0.000479791,0.000138938,0.000241151,0.00163157,0.000689081,0.00046196,0.000990255,0.000506144,0.000107786,2.23E-06,2.85E-06,4.96E-06,1.32E-05,5.28E-06,1.06E-05,0.000127152,0.000238562,2.61E-06,2.00E-06,1.52E-06,1.77E-06,1.70E-06,4.06E-06,1.36E-06,2.75E-06,2.23E-06,1.55E-06,4.17E-06,3.05E-06,1.46E-06,2.72E-06,9.56E-07,1.38E-06,4.92E-06,3.85E-05,0.00015369,0.000179839
AIp,0.000161761,0.000139404,5.66E-05,4.82E-05,0.000107252,0.000133589,0.000115893,7.95E-05,6.67E-05,0.000588211,0.000239909,0.001061267,0.001288226,0.001365705,0.000489436,4.10E-05,1.92E-05,2.57E-05,6.68E-05,6.86E-05,0.000139119,0.000232078,0.000173748,2.73E-05,3.23E-05,2.98E-05,5.07E-05,3.23E-05,5.37E-05,2.29E-05,2.58E-05,3.59E-05,3.81E-05,4.71E-05,4.15E-05,2.63E-05,4.09E-05,2.89E-05,1.92E-05,7.57E-05,0.000195214,0.000331125,0.000551947
GU,0.000144489,0.000148422,5.16E-05,4.23E-05,0.000101081,7.53E-05,7.98E-05,6.27E-05,4.87E-05,0.000760058,0.000245949,0.00046534,0.002114649,0.000871912,0.000541016,9.34E-06,1.51E-05,1.89E-05,2.90E-05,1.64E-05,4.52E-05,0.000376115,0.000245357,2.02E-05,3.07E-05,2.71E-05,4.24E-05,2.53E-05,4.01E-05,1.55E-05,2.08E-05,2.90E-05,3.07E-05,4.69E-05,3.78E-05,2.38E-05,1.26E-05,1.06E-05,1.45E-05,2.27E-05,4.85E-05,0.000139888,0.000183975
VISC,0.000205828,0.000173759,3.70E-05,2.12E-05,9.21E-05,9.39E-05,0.000134817,5.22E-05,5.06E-05,0.000555673,0.000214104,0.001079282,0.000910546,0.001483327,0.000524166,7.03E-05,1.40E-05,2.64E-05,0.00011058,0.000120269,0.000236903,0.000290478,0.000204573,1.94E-05,1.57E-05,1.45E-05,2.36E-05,1.82E-05,3.77E-05,1.78E-05,1.55E-05,1.80E-05,1.92E-05,2.05E-05,1.78E-05,1.11E-05,6.46E-05,4.31E-05,1.77E-05,0.000113094,0.000331485,0.000385495,0.000833178
SSs,0.000133499,0.000228545,3.12E-05,1.06E-05,3.95E-05,2.84E-05,0.000104283,2.25E-05,4.14E-05,0.000194796,6.16E-05,0.000243734,0.000644753,0.000732551,0.001228506,0.000477265,0.000154401,0.000132892,0.000388468,0.00038016,0.000808028,0.000472811,0.000343759,0.000247306,6.11E-05,2.62E-05,2.25E-05,0.000118083,5.24E-05,0.000148545,0.00017447,0.00012804,6.69E-05,4.03E-05,1.33E-05,5.94E-06,0.000874261,0.000681814,0.000492174,0.000386903,0.000207553,0.000162543,0.000211677
SSp-bfd,5.76E-05,0.000303635,9.33E-05,7.34E-06,3.05E-05,7.57E-06,0.000124214,1.67E-05,0.000105885,1.38E-05,1.53E-05,1.84E-05,1.52E-05,0.000175062,0.000712453,0.001863583,0.000639437,0.000356541,0.000479511,0.000916302,0.000474272,7.02E-05,0.000196596,0.000561106,0.000139022,6.37E-05,2.33E-05,0.00018998,9.78E-05,0.000700427,0.000750611,0.000227594,9.78E-05,6.05E-05,5.53E-05,2.32E-05,0.000683282,0.000201742,0.000307734,0.000224378,0.000270707,0.000126739,0.000131796
SSp-tr,7.13E-06,0.0001473,0.000236173,6.55E-05,5.62E-05,2.21E-05,6.19E-05,4.70E-05,0.000163723,4.43E-06,6.50E-06,2.49E-06,4.18E-06,2.08E-05,0.000235969,0.000600319,0.002455479,0.001609073,0.000552324,0.000750937,3.20E-05,4.57E-06,0.000236225,0.000405927,0.0001626,0.000114186,4.29E-05,0.000194129,7.04E-05,0.000417584,0.001257496,0.000881636,0.000362832,0.000495051,0.000227531,0.000116284,0.000583166,9.16E-05,0.000221112,0.000214449,9.52E-05,1.54E-05,2.32E-05
SSp-ll,8.19E-06,0.000111526,0.00010819,2.40E-05,2.78E-05,7.24E-06,2.57E-05,1.15E-05,3.26E-05,3.85E-06,5.02E-06,3.76E-06,5.10E-06,2.79E-05,0.000208218,0.000178213,0.001044089,0.001973795,0.000871475,0.000380965,3.92E-05,9.35E-06,0.000390109,4.95E-05,1.43E-05,1.17E-05,2.56E-06,1.72E-05,9.81E-06,7.60E-05,0.000299025,5.56E-05,1.99E-05,0.000141378,2.85E-05,1.59E-05,0.000295734,2.83E-05,4.12E-05,0.000146637,5.19E-05,1.68E-05,2.60E-05
SSp-ul,0.000112712,0.000272546,3.81E-05,1.55E-05,1.23E-05,2.52E-06,2.56E-05,4.10E-06,1.66E-05,2.34E-05,2.92E-06,2.03E-05,1.73E-05,0.000149415,0.000324861,0.000234474,0.000293003,0.001094377,0.00127371,0.000726822,0.00064485,0.000367834,0.000629549,3.33E-05,5.70E-06,6.05E-06,7.65E-07,7.88E-06,4.00E-06,6.00E-05,0.000168187,2.03E-05,1.02E-05,2.70E-05,1.41E-05,6.60E-06,0.000123943,1.67E-05,1.97E-05,6.02E-05,2.68E-05,2.20E-05,3.52E-05
SSp-un,0.000212758,0.00041538,5.45E-05,6.62E-06,1.73E-05,2.62E-06,5.04E-05,8.25E-06,3.71E-05,1.89E-05,2.42E-06,1.44E-05,6.02E-06,0.000202244,0.000412086,0.00063557,0.000557924,0.00075705,0.000941199,0.0014638,0.001825737,0.000558464,0.000563636,0.000117659,1.96E-05,2.13E-05,2.41E-06,2.86E-05,1.12E-05,0.000206055,0.000488557,6.47E-05,3.56E-05,5.20E-05,4.35E-05,1.70E-05,0.00022363,4.15E-05,6.40E-05,7.89E-05,4.54E-05,3.10E-05,4.38E-05
SSp-n,0.000366953,0.000623099,9.25E-06,4.44E-06,1.19E-05,3.64E-06,8.29E-05,3.63E-06,1.32E-05,5.84E-05,8.88E-06,4.87E-05,5.48E-05,0.000456734,0.000635521,0.000308622,1.41E-05,4.37E-05,0.000371885,0.000728208,0.003388702,0.000900978,0.000516559,1.27E-05,2.21E-06,1.80E-06,3.48E-07,4.85E-06,3.88E-06,3.13E-05,1.40E-05,3.92E-06,1.80E-06,1.16E-06,1.15E-06,6.59E-07,9.11E-05,3.89E-05,8.76E-06,5.70E-05,4.44E-05,7.09E-05,7.10E-05
SSp-m,0.000226887,0.00048891,1.62E-06,6.11E-06,6.49E-06,1.58E-06,2.60E-05,1.60E-06,2.20E-06,0.000243979,1.56E-05,0.00011365,0.000635552,0.000522855,0.000480216,1.69E-05,5.20E-07,3.13E-06,0.000144042,0.000212301,0.000918288,0.002027836,0.000784524,2.42E-07,3.57E-07,3.14E-07,4.20E-07,1.56E-07,8.08E-07,1.26E-07,3.98E-07,4.23E-07,2.13E-07,6.84E-07,3.87E-07,1.88E-07,2.87E-06,1.73E-06,5.77E-07,2.61E-06,3.66E-06,2.86E-05,2.39E-05
MOp,0.000256879,0.000547313,6.41E-05,6.32E-05,3.22E-05,7.84E-06,7.07E-05,1.19E-05,2.45E-05,0.000266047,4.33E-05,7.66E-05,0.000244804,0.000269759,0.0003389,6.25E-05,0.000136413,0.000442096,0.000594989,0.000296048,0.000203398,0.000801304,0.000949471,1.68E-05,6.73E-06,4.59E-06,3.13E-06,7.95E-06,6.47E-06,2.83E-05,5.86E-05,2.12E-05,7.14E-06,2.87E-05,1.31E-05,8.27E-06,6.83E-05,7.92E-06,1.09E-05,3.12E-05,2.27E-05,2.96E-05,3.64E-05
VISal,2.42E-06,8.34E-05,0.000283875,8.19E-05,1.94E-05,1.01E-05,5.85E-05,3.32E-05,0.000248642,6.39E-06,1.36E-05,7.92E-06,5.52E-06,2.28E-05,0.000212858,0.000317184,0.000543677,0.000104883,3.60E-05,6.67E-05,4.44E-06,1.82E-06,2.93E-05,0.004748123,0.003287027,0.001338419,0.000826447,0.002773038,0.001369287,0.001509209,0.001330027,0.002102912,0.001453657,0.000496492,0.000355373,8.14E-05,0.002833529,0.001975433,0.004134449,0.000751838,0.000850838,7.24E-05,8.86E-05
VISl,2.53E-06,3.81E-05,0.000176909,7.99E-05,1.99E-05,9.63E-06,2.94E-05,3.48E-05,0.00015179,5.34E-06,1.40E-05,1.34E-05,5.83E-06,1.01E-05,3.02E-05,8.77E-05,0.000114939,3.16E-05,6.83E-06,1.08E-05,1.87E-06,1.17E-06,8.88E-06,0.002106995,0.003517576,0.001627692,0.00173368,0.003096968,0.002249161,0.000845311,0.000418436,0.001177435,0.001185571,0.000585381,0.000410014,8.93E-05,0.000387488,0.000319538,0.000850882,0.000188523,0.000486306,9.01E-05,0.000162652
VISp,2.99E-07,1.21E-05,7.16E-05,3.99E-05,5.24E-06,3.25E-06,5.00E-06,8.21E-06,4.65E-05,1.24E-06,2.25E-06,2.21E-06,1.89E-06,1.58E-06,4.35E-06,3.68E-05,2.84E-05,8.82E-06,1.82E-06,3.68E-06,1.09E-06,1.11E-06,2.60E-06,0.000693496,0.001064921,0.00117793,0.000694372,0.000746927,0.000456775,0.000588918,0.000141611,0.000456843,0.000629016,0.000339832,0.00023547,6.53E-05,3.47E-05,2.15E-05,9.24E-05,1.10E-05,6.03E-05,1.12E-05,1.73E-05
VISpl,1.92E-06,1.62E-05,7.21E-05,4.46E-05,1.52E-05,7.79E-06,1.60E-05,2.55E-05,9.73E-05,4.92E-06,1.35E-05,1.16E-05,7.23E-06,1.22E-05,1.95E-05,4.80E-05,4.57E-05,1.24E-05,3.29E-06,4.74E-06,2.06E-06,1.14E-06,3.68E-06,0.000943606,0.00259612,0.00120483,0.00275568,0.00234249,0.002012481,0.000358099,0.000215252,0.00078289,0.000849793,0.000584708,0.000316046,4.51E-05,0.000157592,0.000147803,0.000392824,0.000115915,0.000352532,0.000109043,0.000171366
VISli,5.44E-06,4.60E-05,0.000173487,8.57E-05,3.75E-05,1.74E-05,5.34E-05,6.17E-05,0.00023091,1.09E-05,2.98E-05,2.71E-05,1.20E-05,2.10E-05,6.27E-05,0.000117795,0.000212048,5.07E-05,1.34E-05,2.09E-05,3.68E-06,1.85E-06,1.44E-05,0.002367291,0.003767898,0.001840268,0.00229019,0.004866856,0.003902513,0.000784025,0.000735367,0.001549043,0.001612992,0.000975433,0.000523864,7.23E-05,0.000955342,0.001067318,0.002273482,0.000589838,0.001179498,0.000163869,0.00034889
VISpor,2.95E-06,2.12E-05,8.68E-05,5.42E-05,2.37E-05,1.78E-05,3.86E-05,5.10E-05,0.000154002,1.18E-05,2.84E-05,2.58E-05,1.39E-05,1.93E-05,2.84E-05,5.84E-05,9.46E-05,2.48E-05,6.05E-06,7.93E-06,2.13E-06,1.35E-06,6.40E-06,0.001464118,0.002875539,0.001568058,0.002158297,0.004973971,0.005022814,0.000482954,0.000406051,0.000990495,0.001285337,0.000788807,0.000435714,4.35E-05,0.000337915,0.000492565,0.001084021,0.000523259,0.001429762,0.000137038,0.000408409
VISrl,1.88E-06,7.31E-05,0.00018487,5.55E-05,1.22E-05,5.84E-06,2.98E-05,1.40E-05,0.000104646,2.14E-06,4.19E-06,3.17E-06,2.89E-06,1.49E-05,0.000124109,0.000385237,0.000268157,7.26E-05,4.90E-05,0.000124224,5.98E-06,1.87E-06,2.55E-05,0.001900311,0.001469164,0.001125927,0.000444288,0.001107658,0.00060229,0.001398234,0.000617966,0.000852028,0.000631119,0.000214313,0.000211615,6.26E-05,0.000495666,0.000226909,0.000648539,0.000109712,0.000182504,3.68E-05,3.82E-05
VISa,4.25E-06,0.00017078,0.000647975,0.000274319,0.000114123,6.27E-05,0.000107705,0.000151947,0.000577062,3.95E-06,1.34E-05,2.83E-06,3.58E-06,1.31E-05,0.000129171,0.000452412,0.001235274,0.000434986,0.000188582,0.000318053,1.25E-05,2.29E-06,9.67E-05,0.001563162,0.000796395,0.000690578,0.000282699,0.000949955,0.000322529,0.001146829,0.002894919,0.00430927,0.001944,0.001324276,0.000885198,0.000430225,0.000679924,0.000198217,0.000689044,0.000121324,0.000217896,2.01E-05,2.94E-05
VISam,3.62E-06,0.000194114,0.000987204,0.000522347,0.000164584,9.40E-05,0.000130451,0.000222766,0.000915746,4.87E-06,1.54E-05,3.10E-06,3.56E-06,6.94E-06,6.47E-05,0.000257358,0.00091494,0.000202488,5.60E-05,8.86E-05,5.95E-06,1.77E-06,5.93E-05,0.002043907,0.001309794,0.001121977,0.000604989,0.001339408,0.000520199,0.001217074,0.00355067,0.006736514,0.004364539,0.002440643,0.001598917,0.000807951,0.000657445,0.000218286,0.000846724,9.36E-05,0.000283533,1.06E-05,2.64E-05
VISpm,1.58E-06,8.98E-05,0.000499668,0.00039649,7.65E-05,5.43E-05,4.64E-05,0.000115056,0.000532643,3.03E-06,6.34E-06,2.26E-06,3.16E-06,2.27E-06,1.78E-05,0.000105905,0.000279113,8.30E-05,2.07E-05,3.16E-05,4.60E-06,1.90E-06,2.58E-05,0.001309378,0.001155606,0.001376474,0.000804877,0.001060404,0.000433239,0.000855586,0.001331825,0.003519888,0.004297648,0.002009295,0.001440729,0.000874667,0.000183082,6.33E-05,0.000290788,3.34E-05,0.000151321,7.77E-06,2.68E-05
RSPagl,2.60E-06,8.08E-05,0.000423831,0.000342363,6.77E-05,3.89E-05,4.47E-05,9.23E-05,0.000371843,3.08E-06,6.63E-06,2.71E-06,3.09E-06,3.58E-06,3.52E-05,8.70E-05,0.000740178,0.000395356,4.76E-05,4.23E-05,3.14E-06,1.64E-06,5.19E-05,0.000743923,0.000734416,0.000752215,0.000547707,0.000634578,0.000295497,0.000366724,0.00111608,0.002445669,0.002179803,0.001808612,0.001253394,0.000782535,0.000265312,6.70E-05,0.000283654,6.86E-05,0.000134842,7.26E-06,2.08E-05
RSPd,1.22E-06,0.000142945,0.000554208,0.000522515,3.69E-05,2.66E-05,2.32E-05,4.69E-05,0.000174928,2.27E-06,4.28E-06,1.97E-06,1.86E-06,1.80E-06,1.69E-05,9.05E-05,0.000397136,0.000165273,3.51E-05,4.29E-05,1.43E-06,9.28E-07,3.18E-05,0.000463341,0.000509223,0.00062656,0.000465252,0.000373723,0.000206611,0.000412801,0.000851452,0.001710045,0.001543479,0.001607694,0.002412208,0.001951568,0.000114094,2.61E-05,0.000128673,2.18E-05,7.41E-05,6.14E-06,1.57E-05
RSPv,1.45E-06,0.000200213,0.000689082,0.001010244,4.29E-05,5.05E-05,1.71E-05,5.70E-05,9.89E-05,2.20E-06,4.72E-06,1.21E-06,1.25E-06,1.14E-06,1.42E-05,0.000110941,0.000380752,0.000138927,4.10E-05,5.51E-05,8.80E-07,4.78E-07,3.30E-05,0.000302093,0.000283832,0.000410736,0.000615238,0.000202316,0.000188009,0.00047892,0.000807908,0.001149727,0.000997385,0.00126058,0.002622716,0.002944927,6.27E-05,1.05E-05,4.94E-05,9.98E-06,6.09E-05,6.40E-06,2.20E-05
AUDd,2.81E-06,4.86E-05,5.96E-05,1.19E-05,9.61E-06,5.54E-06,2.49E-05,1.32E-05,7.55E-05,5.55E-06,1.02E-05,7.18E-06,1.03E-05,5.49E-05,0.000343216,0.000303438,0.000705308,0.000145215,5.24E-05,9.48E-05,2.02E-05,4.24E-06,3.03E-05,0.001760613,0.000451149,0.000187795,0.000149213,0.000958453,0.000299973,0.000714665,0.001008961,0.000956027,0.000540262,0.000260168,5.58E-05,5.88E-06,0.004354511,0.004187032,0.003900468,0.001627155,0.000788318,8.28E-05,9.42E-05
AUDp,1.21E-06,2.55E-05,4.27E-05,1.70E-05,1.19E-05,1.41E-05,1.99E-05,2.15E-05,6.37E-05,7.25E-06,1.75E-05,1.45E-05,1.06E-05,4.28E-05,0.000165581,0.000119054,0.000254918,6.59E-05,2.35E-05,4.43E-05,5.14E-06,2.07E-06,1.50E-05,0.000924882,0.000387687,0.00020704,0.000196861,0.000780328,0.000372753,0.000414155,0.000503999,0.00056355,0.000422689,0.000211933,5.84E-05,4.17E-06,0.003006548,0.005209008,0.0041624,0.002302485,0.001077295,5.56E-05,0.000162468
AUDpo,2.17E-06,4.98E-05,0.000124106,4.05E-05,2.13E-05,1.00E-05,4.26E-05,2.98E-05,0.000185152,7.25E-06,1.68E-05,9.61E-06,7.04E-06,2.01E-05,0.000149998,0.000172979,0.000369446,7.63E-05,2.59E-05,4.57E-05,4.31E-06,1.39E-06,2.14E-05,0.002252526,0.000934171,0.000440617,0.00050881,0.001800413,0.000914277,0.000721814,0.00101316,0.001335013,0.000945,0.000456476,0.000139635,1.41E-05,0.003014246,0.00410862,0.007013189,0.001502717,0.001427782,7.35E-05,0.000158512
AUDv,1.67E-05,3.07E-05,3.36E-05,2.13E-05,3.91E-05,7.68E-05,4.64E-05,6.47E-05,5.83E-05,3.36E-05,7.80E-05,9.03E-05,4.06E-05,0.000159175,0.000180065,0.000101114,0.000102473,5.06E-05,3.99E-05,5.47E-05,5.42E-05,1.65E-05,2.69E-05,0.000566062,0.000307271,0.000180412,0.00014761,0.000576368,0.00040899,0.000260006,0.000253733,0.000286417,0.000257869,0.00014613,6.61E-05,6.72E-06,0.001916648,0.004132104,0.002421145,0.002323684,0.001127198,0.000228344,0.000594945
TEa,2.98E-05,3.40E-05,5.73E-05,3.56E-05,6.12E-05,0.000109063,7.78E-05,9.14E-05,0.000107287,6.33E-05,0.000130431,0.000169589,7.50E-05,0.000322806,0.000124818,7.03E-05,7.86E-05,3.42E-05,3.08E-05,3.85E-05,3.34E-05,2.03E-05,2.27E-05,0.000608895,0.000755037,0.000441732,0.0005317,0.001416268,0.001470284,0.000236988,0.000218848,0.000364084,0.000422022,0.000258542,0.00013829,1.71E-05,0.000589423,0.001171425,0.001507727,0.000960993,0.001298087,0.000389506,0.001296073
PERI,5.02E-05,4.37E-05,5.27E-05,3.60E-05,9.96E-05,0.00019432,0.000112217,0.000142056,0.000105375,0.000102406,0.000218198,0.00028485,0.000116473,0.000496865,0.000158875,7.34E-05,5.48E-05,3.79E-05,4.52E-05,5.41E-05,5.01E-05,3.12E-05,3.20E-05,0.000161038,0.000194013,0.000122262,0.00017206,0.000356257,0.00055236,0.000102405,8.29E-05,0.00010424,0.000113392,9.43E-05,5.53E-05,1.20E-05,0.000196605,0.000324309,0.000240569,0.000613035,0.001107369,0.00065076,0.001864293
ECT,4.60E-05,4.00E-05,4.55E-05,3.05E-05,8.42E-05,0.000158594,0.000106222,0.000118066,9.24E-05,9.70E-05,0.000195604,0.000261247,0.000115986,0.0005389,0.000164431,6.93E-05,4.84E-05,3.28E-05,4.17E-05,5.10E-05,4.88E-05,3.03E-05,2.95E-05,0.000169785,0.00020968,0.00013207,0.000175428,0.000399141,0.000568985,9.99E-05,7.84E-05,0.000103461,0.000119862,9.24E-05,5.44E-05,1.06E-05,0.000211112,0.000358098,0.000270875,0.000599051,0.001164919,0.000573541,0.002036082
